{"config": {"pkg": "./t12", "execdate": "03-10-2025_17:48:15", "command": "pascalanalyzer ./t12 -g -i 100,200,400,800,1600,3200 -c 1,2,4,8,16,32,64,128 -o t12.json", "hostname": "r2n55.npad.internal", "kernel": "Linux-4.18.0-477.10.1.el8_8.x86_64-x86_64-with-glibc2.14", "disable_hyperthread": false, "auto_instrumentation": false, "idle_time": 0, "data_descriptor": {"values": ["start_time", "stop_time"], "keys": ["cores", "input", "repetitions"]}, "disable_cores": false, "discard_ompnt": true, "arguments": ["800", "1600", "3200", "400", "100", "200"]}, "data": {"128;0;1": {"start_time": 1759524495.8925521, "stop_time": 1759524496.1333878, "regions": {"p1": [[1759524495.8925521, 1759524496.1333878, 0, 0, 0, "gapregion"]]}}, "128;1;1": {"start_time": 1759524496.1340399, "stop_time": 1759524496.2868018, "regions": {"p1": [[1759524496.1340399, 1759524496.2868018, 0, 0, 0, "gapregion"]]}}, "128;2;1": {"start_time": 1759524496.2873793, "stop_time": 1759524496.6260924, "regions": {"p1": [[1759524496.2873793, 1759524496.6260924, 0, 0, 0, "gapregion"]]}}, "128;3;1": {"start_time": 1759524496.6266518, "stop_time": 1759524497.2956166, "regions": {"p1": [[1759524496.6266518, 1759524497.2956166, 0, 0, 0, "gapregion"]]}}, "128;4;1": {"start_time": 1759524497.2962625, "stop_time": 1759524498.6118152, "regions": {"p1": [[1759524497.2962625, 1759524498.6118152, 0, 0, 0, "gapregion"]]}}, "128;5;1": {"start_time": 1759524498.6125598, "stop_time": 1759524501.2928035, "regions": {"p1": [[1759524498.6125598, 1759524501.2928035, 0, 0, 0, "gapregion"]]}}, "64;0;1": {"start_time": 1759524501.2934806, "stop_time": 1759524501.396017, "regions": {"p1": [[1759524501.2934806, 1759524501.396017, 0, 0, 0, "gapregion"]]}}, "64;1;1": {"start_time": 1759524501.3967042, "stop_time": 1759524501.5721412, "regions": {"p1": [[1759524501.3967042, 1759524501.5721412, 0, 0, 0, "gapregion"]]}}, "64;2;1": {"start_time": 1759524501.5726924, "stop_time": 1759524501.9157639, "regions": {"p1": [[1759524501.5726924, 1759524501.9157639, 0, 0, 0, "gapregion"]]}}, "64;3;1": {"start_time": 1759524501.9163709, "stop_time": 1759524502.6594653, "regions": {"p1": [[1759524501.9163709, 1759524502.6594653, 0, 0, 0, "gapregion"]]}}, "64;4;1": {"start_time": 1759524502.6601052, "stop_time": 1759524504.163982, "regions": {"p1": [[1759524502.6601052, 1759524504.163982, 0, 0, 0, "gapregion"]]}}, "64;5;1": {"start_time": 1759524504.164688, "stop_time": 1759524507.0658524, "regions": {"p1": [[1759524504.164688, 1759524507.0658524, 0, 0, 0, "gapregion"]]}}, "32;0;1": {"start_time": 1759524507.066614, "stop_time": 1759524507.2213192, "regions": {"p1": [[1759524507.066614, 1759524507.2213192, 0, 0, 0, "gapregion"]]}}, "32;1;1": {"start_time": 1759524507.222018, "stop_time": 1759524507.518876, "regions": {"p1": [[1759524507.222018, 1759524507.518876, 0, 0, 0, "gapregion"]]}}, "32;2;1": {"start_time": 1759524507.5194817, "stop_time": 1759524508.0950327, "regions": {"p1": [[1759524507.5194817, 1759524508.0950327, 0, 0, 0, "gapregion"]]}}, "32;3;1": {"start_time": 1759524508.0956562, "stop_time": 1759524509.234766, "regions": {"p1": [[1759524508.0956562, 1759524509.234766, 0, 0, 0, "gapregion"]]}}, "32;4;1": {"start_time": 1759524509.2353826, "stop_time": 1759524511.4995995, "regions": {"p1": [[1759524509.2353826, 1759524511.4995995, 0, 0, 0, "gapregion"]]}}, "32;5;1": {"start_time": 1759524511.5003414, "stop_time": 1759524516.0531344, "regions": {"p1": [[1759524511.5003414, 1759524516.0531344, 0, 0, 0, "gapregion"]]}}, "16;0;1": {"start_time": 1759524516.054065, "stop_time": 1759524516.3987024, "regions": {"p1": [[1759524516.054065, 1759524516.3987024, 0, 0, 0, "gapregion"]]}}, "16;1;1": {"start_time": 1759524516.3994708, "stop_time": 1759524517.092035, "regions": {"p1": [[1759524516.3994708, 1759524517.092035, 0, 0, 0, "gapregion"]]}}, "16;2;1": {"start_time": 1759524517.092688, "stop_time": 1759524518.4959133, "regions": {"p1": [[1759524517.092688, 1759524518.4959133, 0, 0, 0, "gapregion"]]}}, "16;3;1": {"start_time": 1759524518.4966624, "stop_time": 1759524521.2299554, "regions": {"p1": [[1759524518.4966624, 1759524521.2299554, 0, 0, 0, "gapregion"]]}}, "16;4;1": {"start_time": 1759524521.230808, "stop_time": 1759524526.709056, "regions": {"p1": [[1759524521.230808, 1759524526.709056, 0, 0, 0, "gapregion"]]}}, "16;5;1": {"start_time": 1759524526.70994, "stop_time": 1759524536.5261593, "regions": {"p1": [[1759524526.70994, 1759524536.5261593, 0, 0, 0, "gapregion"]]}}, "8;0;1": {"start_time": 1759524536.5270495, "stop_time": 1759524537.1291544, "regions": {"p1": [[1759524536.5270495, 1759524537.1291544, 0, 0, 0, "gapregion"]]}}, "8;1;1": {"start_time": 1759524537.1299696, "stop_time": 1759524538.4662867, "regions": {"p1": [[1759524537.1299696, 1759524538.4662867, 0, 0, 0, "gapregion"]]}}, "8;2;1": {"start_time": 1759524538.4670498, "stop_time": 1759524540.9680119, "regions": {"p1": [[1759524538.4670498, 1759524540.9680119, 0, 0, 0, "gapregion"]]}}, "8;3;1": {"start_time": 1759524540.9688842, "stop_time": 1759524546.0708807, "regions": {"p1": [[1759524540.9688842, 1759524546.0708807, 0, 0, 0, "gapregion"]]}}, "8;4;1": {"start_time": 1759524546.0717654, "stop_time": 1759524555.988376, "regions": {"p1": [[1759524546.0717654, 1759524555.988376, 0, 0, 0, "gapregion"]]}}, "8;5;1": {"start_time": 1759524555.9892974, "stop_time": 1759524576.6322145, "regions": {"p1": [[1759524555.9892974, 1759524576.6322145, 0, 0, 0, "gapregion"]]}}, "4;0;1": {"start_time": 1759524576.633344, "stop_time": 1759524577.6851952, "regions": {"p1": [[1759524576.633344, 1759524577.6851952, 0, 0, 0, "gapregion"]]}}, "4;1;1": {"start_time": 1759524577.6860394, "stop_time": 1759524579.9921193, "regions": {"p1": [[1759524577.6860394, 1759524579.9921193, 0, 0, 0, "gapregion"]]}}, "4;2;1": {"start_time": 1759524579.993003, "stop_time": 1759524584.6307912, "regions": {"p1": [[1759524579.993003, 1759524584.6307912, 0, 0, 0, "gapregion"]]}}, "4;3;1": {"start_time": 1759524584.6316059, "stop_time": 1759524593.180293, "regions": {"p1": [[1759524584.6316059, 1759524593.180293, 0, 0, 0, "gapregion"]]}}, "4;4;1": {"start_time": 1759524593.1812308, "stop_time": 1759524610.474544, "regions": {"p1": [[1759524593.1812308, 1759524610.474544, 0, 0, 0, "gapregion"]]}}, "4;5;1": {"start_time": 1759524610.4754074, "stop_time": 1759524639.1076133, "regions": {"p1": [[1759524610.4754074, 1759524639.1076133, 0, 0, 0, "gapregion"]]}}, "2;0;1": {"start_time": 1759524639.1087627, "stop_time": 1759524640.4318604, "regions": {"p1": [[1759524639.1087627, 1759524640.4318604, 0, 0, 0, "gapregion"]]}}, "2;1;1": {"start_time": 1759524640.4328125, "stop_time": 1759524642.828148, "regions": {"p1": [[1759524640.4328125, 1759524642.828148, 0, 0, 0, "gapregion"]]}}, "2;2;1": {"start_time": 1759524642.828944, "stop_time": 1759524647.7097309, "regions": {"p1": [[1759524642.828944, 1759524647.7097309, 0, 0, 0, "gapregion"]]}}, "2;3;1": {"start_time": 1759524647.7106402, "stop_time": 1759524657.5241556, "regions": {"p1": [[1759524647.7106402, 1759524657.5241556, 0, 0, 0, "gapregion"]]}}, "2;4;1": {"start_time": 1759524657.5249977, "stop_time": 1759524677.3245788, "regions": {"p1": [[1759524657.5249977, 1759524677.3245788, 0, 0, 0, "gapregion"]]}}, "2;5;1": {"start_time": 1759524677.3254752, "stop_time": 1759524717.3397064, "regions": {"p1": [[1759524677.3254752, 1759524717.3397064, 0, 0, 0, "gapregion"]]}}, "1;0;1": {"start_time": 1759524717.3405616, "stop_time": 1759524719.4691405, "regions": {"p1": [[1759524717.3405616, 1759524719.4691405, 0, 0, 0, "gapregion"]]}}, "1;1;1": {"start_time": 1759524719.470082, "stop_time": 1759524723.71763, "regions": {"p1": [[1759524719.470082, 1759524723.71763, 0, 0, 0, "gapregion"]]}}, "1;2;1": {"start_time": 1759524723.718497, "stop_time": 1759524732.20239, "regions": {"p1": [[1759524723.718497, 1759524732.20239, 0, 0, 0, "gapregion"]]}}, "1;3;1": {"start_time": 1759524732.2033355, "stop_time": 1759524749.1661305,