{"config": {"pkg": "./t13", "execdate": "03-10-2025_18:54:40", "command": "pascalanalyzer ./t13 -g -i 100,200,400,800,1600,3200 -c 1,2,4,8,16,32,64,128 -o t13_true.json", "hostname": "r2n05.npad.internal", "kernel": "Linux-4.18.0-477.10.1.el8_8.x86_64-x86_64-with-glibc2.14", "disable_hyperthread": false, "auto_instrumentation": false, "idle_time": 0, "data_descriptor": {"values": ["start_time", "stop_time"], "keys": ["cores", "input", "repetitions"]}, "disable_cores": false, "discard_ompnt": true, "arguments": ["200", "400", "800", "1600", "3200", "100"]}, "data": {"128;0;1": {"start_time": 1759528480.3250885, "stop_time": 1759528480.4637318, "regions": {"p1": [[1759528480.3250885, 1759528480.4637318, 0, 0, 0, "gapregion"]]}}, "128;1;1": {"start_time": 1759528480.4643285, "stop_time": 1759528480.6238172, "regions": {"p1": [[1759528480.4643285, 1759528480.6238172, 0, 0, 0, "gapregion"]]}}, "128;2;1": {"start_time": 1759528480.6243873, "stop_time": 1759528480.9809697, "regions": {"p1": [[1759528480.6243873, 1759528480.9809697, 0, 0, 0, "gapregion"]]}}, "128;3;1": {"start_time": 1759528480.9815707, "stop_time": 1759528481.5349452, "regions": {"p1": [[1759528480.9815707, 1759528481.5349452, 0, 0, 0, "gapregion"]]}}, "128;4;1": {"start_time": 1759528481.5358737, "stop_time": 1759528482.7546718, "regions": {"p1": [[1759528481.5358737, 1759528482.7546718, 0, 0, 0, "gapregion"]]}}, "128;5;1": {"start_time": 1759528482.7559147, "stop_time": 1759528485.7207053, "regions": {"p1": [[1759528482.7559147, 1759528485.7207053, 0, 0, 0, "gapregion"]]}}, "64;0;1": {"start_time": 1759528485.7215376, "stop_time": 1759528485.8209293, "regions": {"p1": [[1759528485.7215376, 1759528485.8209293, 0, 0, 0, "gapregion"]]}}, "64;1;1": {"start_time": 1759528485.8217163, "stop_time": 1759528485.9995766, "regions": {"p1": [[1759528485.8217163, 1759528485.9995766, 0, 0, 0, "gapregion"]]}}, "64;2;1": {"start_time": 1759528486.0002248, "stop_time": 1759528486.3420064, "regions": {"p1": [[1759528486.0002248, 1759528486.3420064, 0, 0, 0, "gapregion"]]}}, "64;3;1": {"start_time": 1759528486.3426385, "stop_time": 1759528486.9679294, "regions": {"p1": [[1759528486.3426385, 1759528486.9679294, 0, 0, 0, "gapregion"]]}}, "64;4;1": {"start_time": 1759528486.968588, "stop_time": 1759528488.243823, "regions": {"p1": [[1759528486.968588, 1759528488.243823, 0, 0, 0, "gapregion"]]}}, "64;5;1": {"start_time": 1759528488.2445621, "stop_time": 1759528491.0495157, "regions": {"p1": [[1759528488.2445621, 1759528491.0495157, 0, 0, 0, "gapregion"]]}}, "32;0;1": {"start_time": 1759528491.0503814, "stop_time": 1759528491.2144434, "regions": {"p1": [[1759528491.0503814, 1759528491.2144434, 0, 0, 0, "gapregion"]]}}, "32;1;1": {"start_time": 1759528491.2152433, "stop_time": 1759528491.5178366, "regions": {"p1": [[1759528491.2152433, 1759528491.5178366, 0, 0, 0, "gapregion"]]}}, "32;2;1": {"start_time": 1759528491.5185456, "stop_time": 1759528492.1031702, "regions": {"p1": [[1759528491.5185456, 1759528492.1031702, 0, 0, 0, "gapregion"]]}}, "32;3;1": {"start_time": 1759528492.1038516, "stop_time": 1759528493.2591412, "regions": {"p1": [[1759528492.1038516, 1759528493.2591412, 0, 0, 0, "gapregion"]]}}, "32;4;1": {"start_time": 1759528493.2599435, "stop_time": 1759528495.5662363, "regions": {"p1": [[1759528493.2599435, 1759528495.5662363, 0, 0, 0, "gapregion"]]}}, "32;5;1": {"start_time": 1759528495.567116, "stop_time": 1759528500.1616285, "regions": {"p1": [[1759528495.567116, 1759528500.1616285, 0, 0, 0, "gapregion"]]}}, "16;0;1": {"start_time": 1759528500.1628337, "stop_time": 1759528500.4571004, "regions": {"p1": [[1759528500.1628337, 1759528500.4571004, 0, 0, 0, "gapregion"]]}}, "16;1;1": {"start_time": 1759528500.4579246, "stop_time": 1759528501.0496953, "regions": {"p1": [[1759528500.4579246, 1759528501.0496953, 0, 0, 0, "gapregion"]]}}, "16;2;1": {"start_time": 1759528501.0504498, "stop_time": 1759528502.2016165, "regions": {"p1": [[1759528501.0504498, 1759528502.2016165, 0, 0, 0, "gapregion"]]}}, "16;3;1": {"start_time": 1759528502.2024033, "stop_time": 1759528504.6194293, "regions": {"p1": [[1759528502.2024033, 1759528504.6194293, 0, 0, 0, "gapregion"]]}}, "16;4;1": {"start_time": 1759528504.6204975, "stop_time": 1759528509.0742877, "regions": {"p1": [[1759528504.6204975, 1759528509.0742877, 0, 0, 0, "gapregion"]]}}, "16;5;1": {"start_time": 1759528509.0751894, "stop_time": 1759528518.0079892, "regions": {"p1": [[1759528509.0751894, 1759528518.0079892, 0, 0, 0, "gapregion"]]}}, "8;0;1": {"start_time": 1759528518.0090594, "stop_time": 1759528518.6432173, "regions": {"p1": [[1759528518.0090594, 1759528518.6432173, 0, 0, 0, "gapregion"]]}}, "8;1;1": {"start_time": 1759528518.6443093, "stop_time": 1759528519.917286, "regions": {"p1": [[1759528518.6443093, 1759528519.917286, 0, 0, 0, "gapregion"]]}}, "8;2;1": {"start_time": 1759528519.9182708, "stop_time": 1759528522.5466535, "regions": {"p1": [[1759528519.9182708, 1759528522.5466535, 0, 0, 0, "gapregion"]]}}, "8;3;1": {"start_time": 1759528522.5478094, "stop_time": 1759528527.6487348, "regions": {"p1": [[1759528522.5478094, 1759528527.6487348, 0, 0, 0, "gapregion"]]}}, "8;4;1": {"start_time": 1759528527.6499178, "stop_time": 1759528537.7012568, "regions": {"p1": [[1759528527.6499178, 1759528537.7012568, 0, 0, 0, "gapregion"]]}}, "8;5;1": {"start_time": 1759528537.702491, "stop_time": 1759528557.2965064, "regions": {"p1": [[1759528537.702491, 1759528557.2965064, 0, 0, 0, "gapregion"]]}}, "4;0;1": {"start_time": 1759528557.2978177, "stop_time": 1759528558.4550178, "regions": {"p1": [[1759528557.2978177, 1759528558.4550178, 0, 0, 0, "gapregion"]]}}, "4;1;1": {"start_time": 1759528558.4562943, "stop_time": 1759528560.6764007, "regions": {"p1": [[1759528558.4562943, 1759528560.6764007, 0, 0, 0, "gapregion"]]}}, "4;2;1": {"start_time": 1759528560.6775658, "stop_time": 1759528565.1173677, "regions": {"p1": [[1759528560.6775658, 1759528565.1173677, 0, 0, 0, "gapregion"]]}}, "4;3;1": {"start_time": 1759528565.1185315, "stop_time": 1759528572.9052944, "regions": {"p1": [[1759528565.1185315, 1759528572.9052944, 0, 0, 0, "gapregion"]]}}, "4;4;1": {"start_time": 1759528572.9063754, "stop_time": 1759528589.9547272, "regions": {"p1": [[1759528572.9063754, 1759528589.9547272, 0, 0, 0, "gapregion"]]}}, "4;5;1": {"start_time": 1759528589.956046, "stop_time": 1759528622.96318, "regions": {"p1": [[1759528589.956046, 1759528622.96318, 0, 0, 0, "gapregion"]]}}, "2;0;1": {"start_time": 1759528622.9645855, "stop_time": 1759528624.1805623, "regions": {"p1": [[1759528622.9645855, 1759528624.1805623, 0, 0, 0, "gapregion"]]}}, "2;1;1": {"start_time": 1759528624.1818788, "stop_time": 1759528626.9662807, "regions": {"p1": [[1759528624.1818788, 1759528626.9662807, 0, 0, 0, "gapregion"]]}}, "2;2;1": {"start_time": 1759528626.9673939, "stop_time": 1759528632.0898793, "regions": {"p1": [[1759528626.9673939, 1759528632.0898793, 0, 0, 0, "gapregion"]]}}, "2;3;1": {"start_time": 1759528632.0911682, "stop_time": 1759528641.7363615, "regions": {"p1": [[1759528632.0911682, 1759528641.7363615, 0, 0, 0, "gapregion"]]}}, "2;4;1": {"start_time": 1759528641.7376122, "stop_time": 1759528661.3547857, "regions": {"p1": [[1759528641.7376122, 1759528661.3547857, 0, 0, 0, "gapregion"]]}}, "2;5;1": {"start_time": 1759528661.355909, "stop_time": 1759528701.075292, "regions": {"p1": [[1759528661.355909, 1759528701.075292, 0, 0, 0, "gapregion"]]}}, "1;0;1": {"start_time": 1759528701.076652, "stop_time": 1759528703.2024772, "regions": {"p1": [[1759528701.076652, 1759528703.2024772, 0, 0, 0, "gapregion"]]}}, "1;1;1": {"start_time": 1759528703.2036533, "stop_time": 1759528707.445415, "regions": {"p1": [[1759528703.2036533, 1759528707.445415, 0, 0, 0, "gapregion"]]}}, "1;2;1": {"start_time": 1759528707.446762, "stop_time": 1759528715.983517, "regions": {"p1": [[1759528707.446762, 1759528715.983517, 0, 0, 0, "gapregion"]]}}, "1;3;1": {"start_time": 1759528715.984711, "stop_time": 1759528732.9231393,