{"config": {"pkg": "./t13", "execdate": "03-10-2025_18:56:57", "command": "pascalanalyzer ./t13 -g -i 100,200,400,800,1600,3200 -c 1,2,4,8,16,32,64,128 -o t13_spread.json", "hostname": "r2n04.npad.internal", "kernel": "Linux-4.18.0-477.10.1.el8_8.x86_64-x86_64-with-glibc2.14", "disable_hyperthread": false, "auto_instrumentation": false, "idle_time": 0, "data_descriptor": {"values": ["start_time", "stop_time"], "keys": ["cores", "input", "repetitions"]}, "disable_cores": false, "discard_ompnt": true, "arguments": ["100", "400", "3200", "200", "800", "1600"]}, "data": {"128;0;1": {"start_time": 1759528617.1677837, "stop_time": 1759528617.2822156, "regions": {"p1": [[1759528617.1677837, 1759528617.2822156, 0, 0, 0, "gapregion"]]}}, "128;1;1": {"start_time": 1759528617.2828379, "stop_time": 1759528617.4751954, "regions": {"p1": [[1759528617.2828379, 1759528617.4751954, 0, 0, 0, "gapregion"]]}}, "128;2;1": {"start_time": 1759528617.475783, "stop_time": 1759528617.8416603, "regions": {"p1": [[1759528617.475783, 1759528617.8416603, 0, 0, 0, "gapregion"]]}}, "128;3;1": {"start_time": 1759528617.842261, "stop_time": 1759528618.352631, "regions": {"p1": [[1759528617.842261, 1759528618.352631, 0, 0, 0, "gapregion"]]}}, "128;4;1": {"start_time": 1759528618.3532467, "stop_time": 1759528619.6727462, "regions": {"p1": [[1759528618.3532467, 1759528619.6727462, 0, 0, 0, "gapregion"]]}}, "128;5;1": {"start_time": 1759528619.6737719, "stop_time": 1759528621.9904935, "regions": {"p1": [[1759528619.6737719, 1759528621.9904935, 0, 0, 0, "gapregion"]]}}, "64;0;1": {"start_time": 1759528621.992453, "stop_time": 1759528622.0984187, "regions": {"p1": [[1759528621.992453, 1759528622.0984187, 0, 0, 0, "gapregion"]]}}, "64;1;1": {"start_time": 1759528622.0992687, "stop_time": 1759528622.2761066, "regions": {"p1": [[1759528622.0992687, 1759528622.2761066, 0, 0, 0, "gapregion"]]}}, "64;2;1": {"start_time": 1759528622.2768397, "stop_time": 1759528622.6157222, "regions": {"p1": [[1759528622.2768397, 1759528622.6157222, 0, 0, 0, "gapregion"]]}}, "64;3;1": {"start_time": 1759528622.6163943, "stop_time": 1759528623.3801541, "regions": {"p1": [[1759528622.6163943, 1759528623.3801541, 0, 0, 0, "gapregion"]]}}, "64;4;1": {"start_time": 1759528623.3809786, "stop_time": 1759528624.6966052, "regions": {"p1": [[1759528623.3809786, 1759528624.6966052, 0, 0, 0, "gapregion"]]}}, "64;5;1": {"start_time": 1759528624.6973698, "stop_time": 1759528627.537057, "regions": {"p1": [[1759528624.6973698, 1759528627.537057, 0, 0, 0, "gapregion"]]}}, "32;0;1": {"start_time": 1759528627.5380194, "stop_time": 1759528627.6996336, "regions": {"p1": [[1759528627.5380194, 1759528627.6996336, 0, 0, 0, "gapregion"]]}}, "32;1;1": {"start_time": 1759528627.7004495, "stop_time": 1759528627.9972644, "regions": {"p1": [[1759528627.7004495, 1759528627.9972644, 0, 0, 0, "gapregion"]]}}, "32;2;1": {"start_time": 1759528627.9981663, "stop_time": 1759528628.5787923, "regions": {"p1": [[1759528627.9981663, 1759528628.5787923, 0, 0, 0, "gapregion"]]}}, "32;3;1": {"start_time": 1759528628.5797536, "stop_time": 1759528629.734541, "regions": {"p1": [[1759528628.5797536, 1759528629.734541, 0, 0, 0, "gapregion"]]}}, "32;4;1": {"start_time": 1759528629.7353487, "stop_time": 1759528632.0247128, "regions": {"p1": [[1759528629.7353487, 1759528632.0247128, 0, 0, 0, "gapregion"]]}}, "32;5;1": {"start_time": 1759528632.0256507, "stop_time": 1759528636.5355117, "regions": {"p1": [[1759528632.0256507, 1759528636.5355117, 0, 0, 0, "gapregion"]]}}, "16;0;1": {"start_time": 1759528636.5368214, "stop_time": 1759528636.8254542, "regions": {"p1": [[1759528636.5368214, 1759528636.8254542, 0, 0, 0, "gapregion"]]}}, "16;1;1": {"start_time": 1759528636.8263147, "stop_time": 1759528637.4120874, "regions": {"p1": [[1759528636.8263147, 1759528637.4120874, 0, 0, 0, "gapregion"]]}}, "16;2;1": {"start_time": 1759528637.412802, "stop_time": 1759528638.5919075, "regions": {"p1": [[1759528637.412802, 1759528638.5919075, 0, 0, 0, "gapregion"]]}}, "16;3;1": {"start_time": 1759528638.5929768, "stop_time": 1759528640.8150475, "regions": {"p1": [[1759528638.5929768, 1759528640.8150475, 0, 0, 0, "gapregion"]]}}, "16;4;1": {"start_time": 1759528640.81622, "stop_time": 1759528645.2301927, "regions": {"p1": [[1759528640.81622, 1759528645.2301927, 0, 0, 0, "gapregion"]]}}, "16;5;1": {"start_time": 1759528645.231643, "stop_time": 1759528654.1270702, "regions": {"p1": [[1759528645.231643, 1759528654.1270702, 0, 0, 0, "gapregion"]]}}, "8;0;1": {"start_time": 1759528654.128662, "stop_time": 1759528654.7474842, "regions": {"p1": [[1759528654.128662, 1759528654.7474842, 0, 0, 0, "gapregion"]]}}, "8;1;1": {"start_time": 1759528654.74869, "stop_time": 1759528656.037483, "regions": {"p1": [[1759528654.74869, 1759528656.037483, 0, 0, 0, "gapregion"]]}}, "8;2;1": {"start_time": 1759528656.0385027, "stop_time": 1759528658.4293427, "regions": {"p1": [[1759528656.0385027, 1759528658.4293427, 0, 0, 0, "gapregion"]]}}, "8;3;1": {"start_time": 1759528658.4306266, "stop_time": 1759528663.419905, "regions": {"p1": [[1759528658.4306266, 1759528663.419905, 0, 0, 0, "gapregion"]]}}, "8;4;1": {"start_time": 1759528663.4211411, "stop_time": 1759528673.180206, "regions": {"p1": [[1759528663.4211411, 1759528673.180206, 0, 0, 0, "gapregion"]]}}, "8;5;1": {"start_time": 1759528673.1815715, "stop_time": 1759528692.00389, "regions": {"p1": [[1759528673.1815715, 1759528692.00389, 0, 0, 0, "gapregion"]]}}, "4;0;1": {"start_time": 1759528692.005354, "stop_time": 1759528693.0865033, "regions": {"p1": [[1759528692.005354, 1759528693.0865033, 0, 0, 0, "gapregion"]]}}, "4;1;1": {"start_time": 1759528693.0877566, "stop_time": 1759528695.1440494, "regions": {"p1": [[1759528693.0877566, 1759528695.1440494, 0, 0, 0, "gapregion"]]}}, "4;2;1": {"start_time": 1759528695.1451845, "stop_time": 1759528699.0064225, "regions": {"p1": [[1759528695.1451845, 1759528699.0064225, 0, 0, 0, "gapregion"]]}}, "4;3;1": {"start_time": 1759528699.0078065, "stop_time": 1759528707.5053735, "regions": {"p1": [[1759528699.0078065, 1759528707.5053735, 0, 0, 0, "gapregion"]]}}, "4;4;1": {"start_time": 1759528707.5065603, "stop_time": 1759528723.3878443, "regions": {"p1": [[1759528707.5065603, 1759528723.3878443, 0, 0, 0, "gapregion"]]}}, "4;5;1": {"start_time": 1759528723.3891623, "stop_time": 1759528759.4051378, "regions": {"p1": [[1759528723.3891623, 1759528759.4051378, 0, 0, 0, "gapregion"]]}}, "2;0;1": {"start_time": 1759528759.4067142, "stop_time": 1759528760.7517273, "regions": {"p1": [[1759528759.4067142, 1759528760.7517273, 0, 0, 0, "gapregion"]]}}, "2;1;1": {"start_time": 1759528760.752978, "stop_time": 1759528763.2991652, "regions": {"p1": [[1759528760.752978, 1759528763.2991652, 0, 0, 0, "gapregion"]]}}, "2;2;1": {"start_time": 1759528763.3005104, "stop_time": 1759528768.1015606, "regions": {"p1": [[1759528763.3005104, 1759528768.1015606, 0, 0, 0, "gapregion"]]}}, "2;3;1": {"start_time": 1759528768.1029036, "stop_time": 1759528777.6676407, "regions": {"p1": [[1759528768.1029036, 1759528777.6676407, 0, 0, 0, "gapregion"]]}}, "2;4;1": {"start_time": 1759528777.668972, "stop_time": 1759528797.1378121, "regions": {"p1": [[1759528777.668972, 1759528797.1378121, 0, 0, 0, "gapregion"]]}}, "2;5;1": {"start_time": 1759528797.1392477, "stop_time": 1759528835.1616259, "regions": {"p1": [[1759528797.1392477, 1759528835.1616259, 0, 0, 0, "gapregion"]]}}, "1;0;1": {"start_time": 1759528835.1630251, "stop_time": 1759528837.2994764, "regions": {"p1": [[1759528835.1630251, 1759528837.2994764, 0, 0, 0, "gapregion"]]}}, "1;1;1": {"start_time": 1759528837.3009133, "stop_time": 1759528841.5441904, "regions": {"p1": [[1759528837.3009133, 1759528841.5441904, 0, 0, 0, "gapregion"]]}}, "1;2;1": {"start_time": 1759528841.5455256, "stop_time": 1759528850.0510316, "regions": {"p1": [[1759528841.5455256, 1759528850.0510316, 0, 0, 0, "gapregion"]]}}, "1;3;1": {"start_time": 1759528850.052331, "stop_time": 1759528867.0587533,