{"config": {"pkg": "./t13", "execdate": "03-10-2025_18:51:09", "command": "pascalanalyzer ./t13 -g -i 100,200,400,800,1600,3200 -c 1,2,4,8,16,32,64,128 -o t13_false.json", "hostname": "r2n04.npad.internal", "kernel": "Linux-4.18.0-477.10.1.el8_8.x86_64-x86_64-with-glibc2.14", "disable_hyperthread": false, "auto_instrumentation": false, "idle_time": 0, "data_descriptor": {"values": ["start_time", "stop_time"], "keys": ["cores", "input", "repetitions"]}, "disable_cores": false, "discard_ompnt": true, "arguments": ["400", "3200", "1600", "200", "100", "800"]}, "data": {"128;0;1": {"start_time": 1759528269.9378333, "stop_time": 1759528270.0523245, "regions": {"p1": [[1759528269.9378333, 1759528270.0523245, 0, 0, 0, "gapregion"]]}}, "128;1;1": {"start_time": 1759528270.0529516, "stop_time": 1759528270.2017145, "regions": {"p1": [[1759528270.0529516, 1759528270.2017145, 0, 0, 0, "gapregion"]]}}, "128;2;1": {"start_time": 1759528270.202274, "stop_time": 1759528270.5845528, "regions": {"p1": [[1759528270.202274, 1759528270.5845528, 0, 0, 0, "gapregion"]]}}, "128;3;1": {"start_time": 1759528270.5851257, "stop_time": 1759528271.1522932, "regions": {"p1": [[1759528270.5851257, 1759528271.1522932, 0, 0, 0, "gapregion"]]}}, "128;4;1": {"start_time": 1759528271.1529126, "stop_time": 1759528272.5466087, "regions": {"p1": [[1759528271.1529126, 1759528272.5466087, 0, 0, 0, "gapregion"]]}}, "128;5;1": {"start_time": 1759528272.5472236, "stop_time": 1759528275.393448, "regions": {"p1": [[1759528272.5472236, 1759528275.393448, 0, 0, 0, "gapregion"]]}}, "64;0;1": {"start_time": 1759528275.3941085, "stop_time": 1759528275.493486, "regions": {"p1": [[1759528275.3941085, 1759528275.493486, 0, 0, 0, "gapregion"]]}}, "64;1;1": {"start_time": 1759528275.4941766, "stop_time": 1759528275.670518, "regions": {"p1": [[1759528275.4941766, 1759528275.670518, 0, 0, 0, "gapregion"]]}}, "64;2;1": {"start_time": 1759528275.6711407, "stop_time": 1759528276.0204067, "regions": {"p1": [[1759528275.6711407, 1759528276.0204067, 0, 0, 0, "gapregion"]]}}, "64;3;1": {"start_time": 1759528276.020995, "stop_time": 1759528276.6573873, "regions": {"p1": [[1759528276.020995, 1759528276.6573873, 0, 0, 0, "gapregion"]]}}, "64;4;1": {"start_time": 1759528276.6580338, "stop_time": 1759528277.9300609, "regions": {"p1": [[1759528276.6580338, 1759528277.9300609, 0, 0, 0, "gapregion"]]}}, "64;5;1": {"start_time": 1759528277.93077, "stop_time": 1759528281.0582728, "regions": {"p1": [[1759528277.93077, 1759528281.0582728, 0, 0, 0, "gapregion"]]}}, "32;0;1": {"start_time": 1759528281.059395, "stop_time": 1759528281.2156703, "regions": {"p1": [[1759528281.059395, 1759528281.2156703, 0, 0, 0, "gapregion"]]}}, "32;1;1": {"start_time": 1759528281.216368, "stop_time": 1759528281.5087554, "regions": {"p1": [[1759528281.216368, 1759528281.5087554, 0, 0, 0, "gapregion"]]}}, "32;2;1": {"start_time": 1759528281.509339, "stop_time": 1759528282.0937257, "regions": {"p1": [[1759528281.509339, 1759528282.0937257, 0, 0, 0, "gapregion"]]}}, "32;3;1": {"start_time": 1759528282.09434, "stop_time": 1759528283.2397122, "regions": {"p1": [[1759528282.09434, 1759528283.2397122, 0, 0, 0, "gapregion"]]}}, "32;4;1": {"start_time": 1759528283.2404315, "stop_time": 1759528285.4861305, "regions": {"p1": [[1759528283.2404315, 1759528285.4861305, 0, 0, 0, "gapregion"]]}}, "32;5;1": {"start_time": 1759528285.4868643, "stop_time": 1759528290.064216, "regions": {"p1": [[1759528285.4868643, 1759528290.064216, 0, 0, 0, "gapregion"]]}}, "16;0;1": {"start_time": 1759528290.0650256, "stop_time": 1759528290.3547926, "regions": {"p1": [[1759528290.0650256, 1759528290.3547926, 0, 0, 0, "gapregion"]]}}, "16;1;1": {"start_time": 1759528290.3555286, "stop_time": 1759528290.9291265, "regions": {"p1": [[1759528290.3555286, 1759528290.9291265, 0, 0, 0, "gapregion"]]}}, "16;2;1": {"start_time": 1759528290.9297798, "stop_time": 1759528292.338189, "regions": {"p1": [[1759528290.9297798, 1759528292.338189, 0, 0, 0, "gapregion"]]}}, "16;3;1": {"start_time": 1759528292.3389091, "stop_time": 1759528294.8722854, "regions": {"p1": [[1759528292.3389091, 1759528294.8722854, 0, 0, 0, "gapregion"]]}}, "16;4;1": {"start_time": 1759528294.872973, "stop_time": 1759528300.2582662, "regions": {"p1": [[1759528294.872973, 1759528300.2582662, 0, 0, 0, "gapregion"]]}}, "16;5;1": {"start_time": 1759528300.2591522, "stop_time": 1759528310.7710352, "regions": {"p1": [[1759528300.2591522, 1759528310.7710352, 0, 0, 0, "gapregion"]]}}, "8;0;1": {"start_time": 1759528310.7722182, "stop_time": 1759528311.4080825, "regions": {"p1": [[1759528310.7722182, 1759528311.4080825, 0, 0, 0, "gapregion"]]}}, "8;1;1": {"start_time": 1759528311.4088469, "stop_time": 1759528312.6717432, "regions": {"p1": [[1759528311.4088469, 1759528312.6717432, 0, 0, 0, "gapregion"]]}}, "8;2;1": {"start_time": 1759528312.6724489, "stop_time": 1759528315.1835876, "regions": {"p1": [[1759528312.6724489, 1759528315.1835876, 0, 0, 0, "gapregion"]]}}, "8;3;1": {"start_time": 1759528315.184664, "stop_time": 1759528320.511511, "regions": {"p1": [[1759528315.184664, 1759528320.511511, 0, 0, 0, "gapregion"]]}}, "8;4;1": {"start_time": 1759528320.5123372, "stop_time": 1759528329.6670027, "regions": {"p1": [[1759528320.5123372, 1759528329.6670027, 0, 0, 0, "gapregion"]]}}, "8;5;1": {"start_time": 1759528329.6678843, "stop_time": 1759528345.7125149, "regions": {"p1": [[1759528329.6678843, 1759528345.7125149, 0, 0, 0, "gapregion"]]}}, "4;0;1": {"start_time": 1759528345.7136648, "stop_time": 1759528346.776675, "regions": {"p1": [[1759528345.7136648, 1759528346.776675, 0, 0, 0, "gapregion"]]}}, "4;1;1": {"start_time": 1759528346.777391, "stop_time": 1759528348.6911259, "regions": {"p1": [[1759528346.777391, 1759528348.6911259, 0, 0, 0, "gapregion"]]}}, "4;2;1": {"start_time": 1759528348.6919138, "stop_time": 1759528352.9954119, "regions": {"p1": [[1759528348.6919138, 1759528352.9954119, 0, 0, 0, "gapregion"]]}}, "4;3;1": {"start_time": 1759528352.9961848, "stop_time": 1759528361.0044498, "regions": {"p1": [[1759528352.9961848, 1759528361.0044498, 0, 0, 0, "gapregion"]]}}, "4;4;1": {"start_time": 1759528361.0052378, "stop_time": 1759528375.8661127, "regions": {"p1": [[1759528361.0052378, 1759528375.8661127, 0, 0, 0, "gapregion"]]}}, "4;5;1": {"start_time": 1759528375.867041, "stop_time": 1759528403.9346526, "regions": {"p1": [[1759528375.867041, 1759528403.9346526, 0, 0, 0, "gapregion"]]}}, "2;0;1": {"start_time": 1759528403.935857, "stop_time": 1759528405.2531579, "regions": {"p1": [[1759528403.935857, 1759528405.2531579, 0, 0, 0, "gapregion"]]}}, "2;1;1": {"start_time": 1759528405.254056, "stop_time": 1759528407.9307415, "regions": {"p1": [[1759528405.254056, 1759528407.9307415, 0, 0, 0, "gapregion"]]}}, "2;2;1": {"start_time": 1759528407.9316182, "stop_time": 1759528412.710578, "regions": {"p1": [[1759528407.9316182, 1759528412.710578, 0, 0, 0, "gapregion"]]}}, "2;3;1": {"start_time": 1759528412.7114697, "stop_time": 1759528422.6709552, "regions": {"p1": [[1759528412.7114697, 1759528422.6709552, 0, 0, 0, "gapregion"]]}}, "2;4;1": {"start_time": 1759528422.6717803, "stop_time": 1759528441.7196112, "regions": {"p1": [[1759528422.6717803, 1759528441.7196112, 0, 0, 0, "gapregion"]]}}, "2;5;1": {"start_time": 1759528441.720487, "stop_time": 1759528482.33794, "regions": {"p1": [[1759528441.720487, 1759528482.33794, 0, 0, 0, "gapregion"]]}}, "1;0;1": {"start_time": 1759528482.3388135, "stop_time": 1759528484.4669437, "regions": {"p1": [[1759528482.3388135, 1759528484.4669437, 0, 0, 0, "gapregion"]]}}, "1;1;1": {"start_time": 1759528484.4678366, "stop_time": 1759528488.713633, "regions": {"p1": [[1759528484.4678366, 1759528488.713633, 0, 0, 0, "gapregion"]]}}, "1;2;1": {"start_time": 1759528488.714523, "stop_time": 1759528497.223272, "regions": {"p1": [[1759528488.714523, 1759528497.223272, 0, 0, 0, "gapregion"]]}}, "1;3;1": {"start_time": 1759528497.2241488, "stop_time": 1759528514.1704907,