{"config": {"pkg": "./t13", "execdate": "03-10-2025_18:55:50", "command": "pascalanalyzer ./t13 -g -i 100,200,400,800,1600,3200 -c 1,2,4,8,16,32,64,128 -o t13_close.json", "hostname": "r2n09.npad.internal", "kernel": "Linux-4.18.0-477.10.1.el8_8.x86_64-x86_64-with-glibc2.14", "disable_hyperthread": false, "auto_instrumentation": false, "idle_time": 0, "data_descriptor": {"values": ["start_time", "stop_time"], "keys": ["cores", "input", "repetitions"]}, "disable_cores": false, "discard_ompnt": true, "arguments": ["100", "400", "200", "1600", "800", "3200"]}, "data": {"128;0;1": {"start_time": 1759528550.6198232, "stop_time": 1759528550.7347572, "regions": {"p1": [[1759528550.6198232, 1759528550.7347572, 0, 0, 0, "gapregion"]]}}, "128;1;1": {"start_time": 1759528550.7354016, "stop_time": 1759528550.903884, "regions": {"p1": [[1759528550.7354016, 1759528550.903884, 0, 0, 0, "gapregion"]]}}, "128;2;1": {"start_time": 1759528550.9044616, "stop_time": 1759528551.186002, "regions": {"p1": [[1759528550.9044616, 1759528551.186002, 0, 0, 0, "gapregion"]]}}, "128;3;1": {"start_time": 1759528551.1865895, "stop_time": 1759528551.7194757, "regions": {"p1": [[1759528551.1865895, 1759528551.7194757, 0, 0, 0, "gapregion"]]}}, "128;4;1": {"start_time": 1759528551.7204459, "stop_time": 1759528552.8284938, "regions": {"p1": [[1759528551.7204459, 1759528552.8284938, 0, 0, 0, "gapregion"]]}}, "128;5;1": {"start_time": 1759528552.8297827, "stop_time": 1759528555.0436797, "regions": {"p1": [[1759528552.8297827, 1759528555.0436797, 0, 0, 0, "gapregion"]]}}, "64;0;1": {"start_time": 1759528555.0449035, "stop_time": 1759528555.1459386, "regions": {"p1": [[1759528555.0449035, 1759528555.1459386, 0, 0, 0, "gapregion"]]}}, "64;1;1": {"start_time": 1759528555.1466866, "stop_time": 1759528555.3266842, "regions": {"p1": [[1759528555.1466866, 1759528555.3266842, 0, 0, 0, "gapregion"]]}}, "64;2;1": {"start_time": 1759528555.3273644, "stop_time": 1759528555.6531181, "regions": {"p1": [[1759528555.3273644, 1759528555.6531181, 0, 0, 0, "gapregion"]]}}, "64;3;1": {"start_time": 1759528555.6537497, "stop_time": 1759528556.2868276, "regions": {"p1": [[1759528555.6537497, 1759528556.2868276, 0, 0, 0, "gapregion"]]}}, "64;4;1": {"start_time": 1759528556.2875164, "stop_time": 1759528557.716407, "regions": {"p1": [[1759528556.2875164, 1759528557.716407, 0, 0, 0, "gapregion"]]}}, "64;5;1": {"start_time": 1759528557.7171865, "stop_time": 1759528560.202385, "regions": {"p1": [[1759528557.7171865, 1759528560.202385, 0, 0, 0, "gapregion"]]}}, "32;0;1": {"start_time": 1759528560.2032123, "stop_time": 1759528560.358348, "regions": {"p1": [[1759528560.2032123, 1759528560.358348, 0, 0, 0, "gapregion"]]}}, "32;1;1": {"start_time": 1759528560.3591692, "stop_time": 1759528560.6551585, "regions": {"p1": [[1759528560.3591692, 1759528560.6551585, 0, 0, 0, "gapregion"]]}}, "32;2;1": {"start_time": 1759528560.6558568, "stop_time": 1759528561.239071, "regions": {"p1": [[1759528560.6558568, 1759528561.239071, 0, 0, 0, "gapregion"]]}}, "32;3;1": {"start_time": 1759528561.23981, "stop_time": 1759528562.412594, "regions": {"p1": [[1759528561.23981, 1759528562.412594, 0, 0, 0, "gapregion"]]}}, "32;4;1": {"start_time": 1759528562.4134521, "stop_time": 1759528564.7023702, "regions": {"p1": [[1759528562.4134521, 1759528564.7023702, 0, 0, 0, "gapregion"]]}}, "32;5;1": {"start_time": 1759528564.703301, "stop_time": 1759528569.269499, "regions": {"p1": [[1759528564.703301, 1759528569.269499, 0, 0, 0, "gapregion"]]}}, "16;0;1": {"start_time": 1759528569.2706945, "stop_time": 1759528569.602731, "regions": {"p1": [[1759528569.2706945, 1759528569.602731, 0, 0, 0, "gapregion"]]}}, "16;1;1": {"start_time": 1759528569.6037598, "stop_time": 1759528570.1865132, "regions": {"p1": [[1759528569.6037598, 1759528570.1865132, 0, 0, 0, "gapregion"]]}}, "16;2;1": {"start_time": 1759528570.1873007, "stop_time": 1759528571.385327, "regions": {"p1": [[1759528570.1873007, 1759528571.385327, 0, 0, 0, "gapregion"]]}}, "16;3;1": {"start_time": 1759528571.3863907, "stop_time": 1759528573.6268945, "regions": {"p1": [[1759528571.3863907, 1759528573.6268945, 0, 0, 0, "gapregion"]]}}, "16;4;1": {"start_time": 1759528573.628156, "stop_time": 1759528579.1112075, "regions": {"p1": [[1759528573.628156, 1759528579.1112075, 0, 0, 0, "gapregion"]]}}, "16;5;1": {"start_time": 1759528579.1124165, "stop_time": 1759528588.6220176, "regions": {"p1": [[1759528579.1124165, 1759528588.6220176, 0, 0, 0, "gapregion"]]}}, "8;0;1": {"start_time": 1759528588.6236231, "stop_time": 1759528589.2537174, "regions": {"p1": [[1759528588.6236231, 1759528589.2537174, 0, 0, 0, "gapregion"]]}}, "8;1;1": {"start_time": 1759528589.2552493, "stop_time": 1759528590.5578027, "regions": {"p1": [[1759528589.2552493, 1759528590.5578027, 0, 0, 0, "gapregion"]]}}, "8;2;1": {"start_time": 1759528590.558774, "stop_time": 1759528593.099788, "regions": {"p1": [[1759528590.558774, 1759528593.099788, 0, 0, 0, "gapregion"]]}}, "8;3;1": {"start_time": 1759528593.1011696, "stop_time": 1759528598.1924226, "regions": {"p1": [[1759528593.1011696, 1759528598.1924226, 0, 0, 0, "gapregion"]]}}, "8;4;1": {"start_time": 1759528598.1936066, "stop_time": 1759528608.237555, "regions": {"p1": [[1759528598.1936066, 1759528608.237555, 0, 0, 0, "gapregion"]]}}, "8;5;1": {"start_time": 1759528608.2388754, "stop_time": 1759528627.5875516, "regions": {"p1": [[1759528608.2388754, 1759528627.5875516, 0, 0, 0, "gapregion"]]}}, "4;0;1": {"start_time": 1759528627.5890207, "stop_time": 1759528628.7204392, "regions": {"p1": [[1759528627.5890207, 1759528628.7204392, 0, 0, 0, "gapregion"]]}}, "4;1;1": {"start_time": 1759528628.7215416, "stop_time": 1759528630.8070984, "regions": {"p1": [[1759528628.7215416, 1759528630.8070984, 0, 0, 0, "gapregion"]]}}, "4;2;1": {"start_time": 1759528630.8082485, "stop_time": 1759528634.9424183, "regions": {"p1": [[1759528630.8082485, 1759528634.9424183, 0, 0, 0, "gapregion"]]}}, "4;3;1": {"start_time": 1759528634.9438338, "stop_time": 1759528642.513532, "regions": {"p1": [[1759528634.9438338, 1759528642.513532, 0, 0, 0, "gapregion"]]}}, "4;4;1": {"start_time": 1759528642.5147266, "stop_time": 1759528659.2835023, "regions": {"p1": [[1759528642.5147266, 1759528659.2835023, 0, 0, 0, "gapregion"]]}}, "4;5;1": {"start_time": 1759528659.2847633, "stop_time": 1759528690.6792834, "regions": {"p1": [[1759528659.2847633, 1759528690.6792834, 0, 0, 0, "gapregion"]]}}, "2;0;1": {"start_time": 1759528690.6806672, "stop_time": 1759528691.8633242, "regions": {"p1": [[1759528690.6806672, 1759528691.8633242, 0, 0, 0, "gapregion"]]}}, "2;1;1": {"start_time": 1759528691.8645024, "stop_time": 1759528694.405696, "regions": {"p1": [[1759528691.8645024, 1759528694.405696, 0, 0, 0, "gapregion"]]}}, "2;2;1": {"start_time": 1759528694.4069247, "stop_time": 1759528699.4688978, "regions": {"p1": [[1759528694.4069247, 1759528699.4688978, 0, 0, 0, "gapregion"]]}}, "2;3;1": {"start_time": 1759528699.470184, "stop_time": 1759528708.9974399, "regions": {"p1": [[1759528699.470184, 1759528708.9974399, 0, 0, 0, "gapregion"]]}}, "2;4;1": {"start_time": 1759528708.9987097, "stop_time": 1759528728.8065708, "regions": {"p1": [[1759528708.9987097, 1759528728.8065708, 0, 0, 0, "gapregion"]]}}, "2;5;1": {"start_time": 1759528728.807856, "stop_time": 1759528766.5828657, "regions": {"p1": [[1759528728.807856, 1759528766.5828657, 0, 0, 0, "gapregion"]]}}, "1;0;1": {"start_time": 1759528766.584141, "stop_time": 1759528768.716881, "regions": {"p1": [[1759528766.584141, 1759528768.716881, 0, 0, 0, "gapregion"]]}}, "1;1;1": {"start_time": 1759528768.7182167, "stop_time": 1759528772.9834907, "regions": {"p1": [[1759528768.7182167, 1759528772.9834907, 0, 0, 0, "gapregion"]]}}, "1;2;1": {"start_time": 1759528772.984719, "stop_time": 1759528781.4744556, "regions": {"p1": [[1759528772.984719, 1759528781.4744556, 0, 0, 0, "gapregion"]]}}, "1;3;1": {"start_time": 1759528781.4757662, "stop_time": 1759528798.4163952,