{"config": {"pkg": "./t13", "execdate": "03-10-2025_19:00:35", "command": "pascalanalyzer ./t13 -g -i 100,200,400,800,1600,3200 -c 1,2,4,8,16,32,64,128 -o t13_master.json", "hostname": "r2n01.npad.internal", "kernel": "Linux-4.18.0-477.10.1.el8_8.x86_64-x86_64-with-glibc2.14", "disable_hyperthread": false, "auto_instrumentation": false, "idle_time": 0, "data_descriptor": {"values": ["start_time", "stop_time"], "keys": ["cores", "input", "repetitions"]}, "disable_cores": false, "discard_ompnt": true, "arguments": ["3200", "100", "1600", "200", "400", "800"]}, "data": {"128;0;1": {"start_time": 1759528835.2043478, "stop_time": 1759528835.3433936, "regions": {"p1": [[1759528835.2043478, 1759528835.3433936, 0, 0, 0, "gapregion"]]}}, "128;1;1": {"start_time": 1759528835.3440094, "stop_time": 1759528835.5583084, "regions": {"p1": [[1759528835.3440094, 1759528835.5583084, 0, 0, 0, "gapregion"]]}}, "128;2;1": {"start_time": 1759528835.558923, "stop_time": 1759528835.9162924, "regions": {"p1": [[1759528835.558923, 1759528835.9162924, 0, 0, 0, "gapregion"]]}}, "128;3;1": {"start_time": 1759528835.9173274, "stop_time": 1759528836.456467, "regions": {"p1": [[1759528835.9173274, 1759528836.456467, 0, 0, 0, "gapregion"]]}}, "128;4;1": {"start_time": 1759528836.4574013, "stop_time": 1759528837.6150649, "regions": {"p1": [[1759528836.4574013, 1759528837.6150649, 0, 0, 0, "gapregion"]]}}, "128;5;1": {"start_time": 1759528837.6158803, "stop_time": 1759528840.4270551, "regions": {"p1": [[1759528837.6158803, 1759528840.4270551, 0, 0, 0, "gapregion"]]}}, "64;0;1": {"start_time": 1759528840.42841, "stop_time": 1759528840.528992, "regions": {"p1": [[1759528840.42841, 1759528840.528992, 0, 0, 0, "gapregion"]]}}, "64;1;1": {"start_time": 1759528840.5298543, "stop_time": 1759528840.7052495, "regions": {"p1": [[1759528840.5298543, 1759528840.7052495, 0, 0, 0, "gapregion"]]}}, "64;2;1": {"start_time": 1759528840.7058816, "stop_time": 1759528841.0338473, "regions": {"p1": [[1759528840.7058816, 1759528841.0338473, 0, 0, 0, "gapregion"]]}}, "64;3;1": {"start_time": 1759528841.034508, "stop_time": 1759528841.6953113, "regions": {"p1": [[1759528841.034508, 1759528841.6953113, 0, 0, 0, "gapregion"]]}}, "64;4;1": {"start_time": 1759528841.6959798, "stop_time": 1759528843.0126884, "regions": {"p1": [[1759528841.6959798, 1759528843.0126884, 0, 0, 0, "gapregion"]]}}, "64;5;1": {"start_time": 1759528843.013482, "stop_time": 1759528845.735344, "regions": {"p1": [[1759528843.013482, 1759528845.735344, 0, 0, 0, "gapregion"]]}}, "32;0;1": {"start_time": 1759528845.7362134, "stop_time": 1759528845.8926861, "regions": {"p1": [[1759528845.7362134, 1759528845.8926861, 0, 0, 0, "gapregion"]]}}, "32;1;1": {"start_time": 1759528845.8935616, "stop_time": 1759528846.1944163, "regions": {"p1": [[1759528845.8935616, 1759528846.1944163, 0, 0, 0, "gapregion"]]}}, "32;2;1": {"start_time": 1759528846.1951609, "stop_time": 1759528846.7825365, "regions": {"p1": [[1759528846.1951609, 1759528846.7825365, 0, 0, 0, "gapregion"]]}}, "32;3;1": {"start_time": 1759528846.7832973, "stop_time": 1759528847.9465556, "regions": {"p1": [[1759528846.7832973, 1759528847.9465556, 0, 0, 0, "gapregion"]]}}, "32;4;1": {"start_time": 1759528847.9473932, "stop_time": 1759528850.2487466, "regions": {"p1": [[1759528847.9473932, 1759528850.2487466, 0, 0, 0, "gapregion"]]}}, "32;5;1": {"start_time": 1759528850.2497277, "stop_time": 1759528854.8056738, "regions": {"p1": [[1759528850.2497277, 1759528854.8056738, 0, 0, 0, "gapregion"]]}}, "16;0;1": {"start_time": 1759528854.8069193, "stop_time": 1759528855.125861, "regions": {"p1": [[1759528854.8069193, 1759528855.125861, 0, 0, 0, "gapregion"]]}}, "16;1;1": {"start_time": 1759528855.126918, "stop_time": 1759528855.6993802, "regions": {"p1": [[1759528855.126918, 1759528855.6993802, 0, 0, 0, "gapregion"]]}}, "16;2;1": {"start_time": 1759528855.7001824, "stop_time": 1759528857.0520866, "regions": {"p1": [[1759528855.7001824, 1759528857.0520866, 0, 0, 0, "gapregion"]]}}, "16;3;1": {"start_time": 1759528857.0531332, "stop_time": 1759528859.5891998, "regions": {"p1": [[1759528857.0531332, 1759528859.5891998, 0, 0, 0, "gapregion"]]}}, "16;4;1": {"start_time": 1759528859.590134, "stop_time": 1759528865.1467824, "regions": {"p1": [[1759528859.590134, 1759528865.1467824, 0, 0, 0, "gapregion"]]}}, "16;5;1": {"start_time": 1759528865.1480153, "stop_time": 1759528873.929387, "regions": {"p1": [[1759528865.1480153, 1759528873.929387, 0, 0, 0, "gapregion"]]}}, "8;0;1": {"start_time": 1759528873.9306464, "stop_time": 1759528874.565975, "regions": {"p1": [[1759528873.9306464, 1759528874.565975, 0, 0, 0, "gapregion"]]}}, "8;1;1": {"start_time": 1759528874.5671136, "stop_time": 1759528875.8584654, "regions": {"p1": [[1759528874.5671136, 1759528875.8584654, 0, 0, 0, "gapregion"]]}}, "8;2;1": {"start_time": 1759528875.8596618, "stop_time": 1759528878.4066195, "regions": {"p1": [[1759528875.8596618, 1759528878.4066195, 0, 0, 0, "gapregion"]]}}, "8;3;1": {"start_time": 1759528878.4077847, "stop_time": 1759528883.4874501, "regions": {"p1": [[1759528878.4077847, 1759528883.4874501, 0, 0, 0, "gapregion"]]}}, "8;4;1": {"start_time": 1759528883.4887216, "stop_time": 1759528893.4750857, "regions": {"p1": [[1759528883.4887216, 1759528893.4750857, 0, 0, 0, "gapregion"]]}}, "8;5;1": {"start_time": 1759528893.4763427, "stop_time": 1759528913.2775285, "regions": {"p1": [[1759528893.4763427, 1759528913.2775285, 0, 0, 0, "gapregion"]]}}, "4;0;1": {"start_time": 1759528913.2790964, "stop_time": 1759528914.3141959, "regions": {"p1": [[1759528913.2790964, 1759528914.3141959, 0, 0, 0, "gapregion"]]}}, "4;1;1": {"start_time": 1759528914.3153145, "stop_time": 1759528916.6605697, "regions": {"p1": [[1759528914.3153145, 1759528916.6605697, 0, 0, 0, "gapregion"]]}}, "4;2;1": {"start_time": 1759528916.6617322, "stop_time": 1759528920.6363106, "regions": {"p1": [[1759528916.6617322, 1759528920.6363106, 0, 0, 0, "gapregion"]]}}, "4;3;1": {"start_time": 1759528920.6374843, "stop_time": 1759528929.1627903, "regions": {"p1": [[1759528920.6374843, 1759528929.1627903, 0, 0, 0, "gapregion"]]}}, "4;4;1": {"start_time": 1759528929.1640935, "stop_time": 1759528944.7629006, "regions": {"p1": [[1759528929.1640935, 1759528944.7629006, 0, 0, 0, "gapregion"]]}}, "4;5;1": {"start_time": 1759528944.7641356, "stop_time": 1759528976.3549538, "regions": {"p1": [[1759528944.7641356, 1759528976.3549538, 0, 0, 0, "gapregion"]]}}, "2;0;1": {"start_time": 1759528976.3566666, "stop_time": 1759528977.6397336, "regions": {"p1": [[1759528976.3566666, 1759528977.6397336, 0, 0, 0, "gapregion"]]}}, "2;1;1": {"start_time": 1759528977.6408188, "stop_time": 1759528980.09163, "regions": {"p1": [[1759528977.6408188, 1759528980.09163, 0, 0, 0, "gapregion"]]}}, "2;2;1": {"start_time": 1759528980.0928473, "stop_time": 1759528984.942644, "regions": {"p1": [[1759528980.0928473, 1759528984.942644, 0, 0, 0, "gapregion"]]}}, "2;3;1": {"start_time": 1759528984.9438522, "stop_time": 1759528995.0716684, "regions": {"p1": [[1759528984.9438522, 1759528995.0716684, 0, 0, 0, "gapregion"]]}}, "2;4;1": {"start_time": 1759528995.0730476, "stop_time": 1759529015.488018, "regions": {"p1": [[1759528995.0730476, 1759529015.488018, 0, 0, 0, "gapregion"]]}}, "2;5;1": {"start_time": 1759529015.4892263, "stop_time": 1759529056.0166056, "regions": {"p1": [[1759529015.4892263, 1759529056.0166056, 0, 0, 0, "gapregion"]]}}, "1;0;1": {"start_time": 1759529056.0179064, "stop_time": 1759529058.1471162, "regions": {"p1": [[1759529056.0179064, 1759529058.1471162, 0, 0, 0, "gapregion"]]}}, "1;1;1": {"start_time": 1759529058.1483543, "stop_time": 1759529062.411286, "regions": {"p1": [[1759529058.1483543, 1759529062.411286, 0, 0, 0, "gapregion"]]}}, "1;2;1": {"start_time": 1759529062.4127207, "stop_time": 1759529070.887741, "regions": {"p1": [[1759529062.4127207, 1759529070.887741, 0, 0, 0, "gapregion"]]}}, "1;3;1": {"start_time": 1759529070.888954, "stop_time": 1759529087.926803,