{"config": {"pkg": "./t12", "execdate": "03-10-2025_17:38:15", "command": "pascalanalyzer ./t12 -g -i 100,200,400,800,1600,3200 -c 1,2,4,8,16,32,64,128 -o t12.json", "hostname": "r2n55.npad.internal", "kernel": "Linux-4.18.0-477.10.1.el8_8.x86_64-x86_64-with-glibc2.14", "disable_hyperthread": false, "auto_instrumentation": false, "idle_time": 0, "data_descriptor": {"values": ["start_time", "stop_time"], "keys": ["cores", "input", "repetitions"]}, "disable_cores": false, "discard_ompnt": true, "arguments": ["100", "3200", "800", "1600", "200", "400"]}, "data": {"128;0;1": {"start_time": 1759523895.3825507, "stop_time": 1759523895.606657, "regions": {"p1": [[1759523895.3825507, 1759523895.606657, 0, 0, 0, "gapregion"]]}}, "128;1;1": {"start_time": 1759523895.6072676, "stop_time": 1759523895.7367125, "regions": {"p1": [[1759523895.6072676, 1759523895.7367125, 0, 0, 0, "gapregion"]]}}, "128;2;1": {"start_time": 1759523895.7372944, "stop_time": 1759523895.996829, "regions": {"p1": [[1759523895.7372944, 1759523895.996829, 0, 0, 0, "gapregion"]]}}, "128;3;1": {"start_time": 1759523895.9973872, "stop_time": 1759523896.478172, "regions": {"p1": [[1759523895.9973872, 1759523896.478172, 0, 0, 0, "gapregion"]]}}, "128;4;1": {"start_time": 1759523896.478751, "stop_time": 1759523897.6611989, "regions": {"p1": [[1759523896.478751, 1759523897.6611989, 0, 0, 0, "gapregion"]]}}, "128;5;1": {"start_time": 1759523897.661816, "stop_time": 1759523899.6047404, "regions": {"p1": [[1759523897.661816, 1759523899.6047404, 0, 0, 0, "gapregion"]]}}, "64;0;1": {"start_time": 1759523899.6053867, "stop_time": 1759523899.7205374, "regions": {"p1": [[1759523899.6053867, 1759523899.7205374, 0, 0, 0, "gapregion"]]}}, "64;1;1": {"start_time": 1759523899.7212007, "stop_time": 1759523899.932052, "regions": {"p1": [[1759523899.7212007, 1759523899.932052, 0, 0, 0, "gapregion"]]}}, "64;2;1": {"start_time": 1759523899.9326642, "stop_time": 1759523900.3415039, "regions": {"p1": [[1759523899.9326642, 1759523900.3415039, 0, 0, 0, "gapregion"]]}}, "64;3;1": {"start_time": 1759523900.3421242, "stop_time": 1759523901.1512887, "regions": {"p1": [[1759523900.3421242, 1759523901.1512887, 0, 0, 0, "gapregion"]]}}, "64;4;1": {"start_time": 1759523901.151976, "stop_time": 1759523902.7813783, "regions": {"p1": [[1759523901.151976, 1759523902.7813783, 0, 0, 0, "gapregion"]]}}, "64;5;1": {"start_time": 1759523902.782112, "stop_time": 1759523905.998788, "regions": {"p1": [[1759523902.782112, 1759523905.998788, 0, 0, 0, "gapregion"]]}}, "32;0;1": {"start_time": 1759523905.9996786, "stop_time": 1759523906.1714933, "regions": {"p1": [[1759523905.9996786, 1759523906.1714933, 0, 0, 0, "gapregion"]]}}, "32;1;1": {"start_time": 1759523906.1721852, "stop_time": 1759523906.5139446, "regions": {"p1": [[1759523906.1721852, 1759523906.5139446, 0, 0, 0, "gapregion"]]}}, "32;2;1": {"start_time": 1759523906.5145395, "stop_time": 1759523907.1643023, "regions": {"p1": [[1759523906.5145395, 1759523907.1643023, 0, 0, 0, "gapregion"]]}}, "32;3;1": {"start_time": 1759523907.164921, "stop_time": 1759523908.435658, "regions": {"p1": [[1759523907.164921, 1759523908.435658, 0, 0, 0, "gapregion"]]}}, "32;4;1": {"start_time": 1759523908.436317, "stop_time": 1759523911.0662243, "regions": {"p1": [[1759523908.436317, 1759523911.0662243, 0, 0, 0, "gapregion"]]}}, "32;5;1": {"start_time": 1759523911.067027, "stop_time": 1759523916.1627371, "regions": {"p1": [[1759523911.067027, 1759523916.1627371, 0, 0, 0, "gapregion"]]}}, "16;0;1": {"start_time": 1759523916.1634235, "stop_time": 1759523916.4645202, "regions": {"p1": [[1759523916.1634235, 1759523916.4645202, 0, 0, 0, "gapregion"]]}}, "16;1;1": {"start_time": 1759523916.465273, "stop_time": 1759523917.0884926, "regions": {"p1": [[1759523916.465273, 1759523917.0884926, 0, 0, 0, "gapregion"]]}}, "16;2;1": {"start_time": 1759523917.0891547, "stop_time": 1759523918.5633256, "regions": {"p1": [[1759523917.0891547, 1759523918.5633256, 0, 0, 0, "gapregion"]]}}, "16;3;1": {"start_time": 1759523918.5641193, "stop_time": 1759523921.4051974, "regions": {"p1": [[1759523918.5641193, 1759523921.4051974, 0, 0, 0, "gapregion"]]}}, "16;4;1": {"start_time": 1759523921.4059644, "stop_time": 1759523926.9051661, "regions": {"p1": [[1759523921.4059644, 1759523926.9051661, 0, 0, 0, "gapregion"]]}}, "16;5;1": {"start_time": 1759523926.9062297, "stop_time": 1759523938.1156478, "regions": {"p1": [[1759523926.9062297, 1759523938.1156478, 0, 0, 0, "gapregion"]]}}, "8;0;1": {"start_time": 1759523938.1166713, "stop_time": 1759523938.7838604, "regions": {"p1": [[1759523938.1166713, 1759523938.7838604, 0, 0, 0, "gapregion"]]}}, "8;1;1": {"start_time": 1759523938.7846801, "stop_time": 1759523940.1034098, "regions": {"p1": [[1759523938.7846801, 1759523940.1034098, 0, 0, 0, "gapregion"]]}}, "8;2;1": {"start_time": 1759523940.1041, "stop_time": 1759523942.7191496, "regions": {"p1": [[1759523940.1041, 1759523942.7191496, 0, 0, 0, "gapregion"]]}}, "8;3;1": {"start_time": 1759523942.720026, "stop_time": 1759523948.159393, "regions": {"p1": [[1759523942.720026, 1759523948.159393, 0, 0, 0, "gapregion"]]}}, "8;4;1": {"start_time": 1759523948.1605453, "stop_time": 1759523958.5465112, "regions": {"p1": [[1759523948.1605453, 1759523958.5465112, 0, 0, 0, "gapregion"]]}}, "8;5;1": {"start_time": 1759523958.5474107, "stop_time": 1759523977.3646786, "regions": {"p1": [[1759523958.5474107, 1759523977.3646786, 0, 0, 0, "gapregion"]]}}, "4;0;1": {"start_time": 1759523977.3659048, "stop_time": 1759523978.4720254, "regions": {"p1": [[1759523977.3659048, 1759523978.4720254, 0, 0, 0, "gapregion"]]}}, "4;1;1": {"start_time": 1759523978.4728746, "stop_time": 1759523980.7741685, "regions": {"p1": [[1759523978.4728746, 1759523980.7741685, 0, 0, 0, "gapregion"]]}}, "4;2;1": {"start_time": 1759523980.7750094, "stop_time": 1759523985.310514, "regions": {"p1": [[1759523980.7750094, 1759523985.310514, 0, 0, 0, "gapregion"]]}}, "4;3;1": {"start_time": 1759523985.311375, "stop_time": 1759523992.7456028, "regions": {"p1": [[1759523985.311375, 1759523992.7456028, 0, 0, 0, "gapregion"]]}}, "4;4;1": {"start_time": 1759523992.74649, "stop_time": 1759524008.1746747, "regions": {"p1": [[1759523992.74649, 1759524008.1746747, 0, 0, 0, "gapregion"]]}}, "4;5;1": {"start_time": 1759524008.1756065, "stop_time": 1759524036.4013383, "regions": {"p1": [[1759524008.1756065, 1759524036.4013383, 0, 0, 0, "gapregion"]]}}, "2;0;1": {"start_time": 1759524036.4025578, "stop_time": 1759524037.7616735, "regions": {"p1": [[1759524036.4025578, 1759524037.7616735, 0, 0, 0, "gapregion"]]}}, "2;1;1": {"start_time": 1759524037.7625709, "stop_time": 1759524040.4123597, "regions": {"p1": [[1759524037.7625709, 1759524040.4123597, 0, 0, 0, "gapregion"]]}}, "2;2;1": {"start_time": 1759524040.413298, "stop_time": 1759524045.5473807, "regions": {"p1": [[1759524040.413298, 1759524045.5473807, 0, 0, 0, "gapregion"]]}}, "2;3;1": {"start_time": 1759524045.5483077, "stop_time": 1759524055.906468, "regions": {"p1": [[1759524045.5483077, 1759524055.906468, 0, 0, 0, "gapregion"]]}}, "2;4;1": {"start_time": 1759524055.9073195, "stop_time": 1759524077.20449, "regions": {"p1": [[1759524055.9073195, 1759524077.20449, 0, 0, 0, "gapregion"]]}}, "2;5;1": {"start_time": 1759524077.2054257, "stop_time": 1759524119.5376213, "regions": {"p1": [[1759524077.2054257, 1759524119.5376213, 0, 0, 0, "gapregion"]]}}, "1;0;1": {"start_time": 1759524119.5384777, "stop_time": 1759524121.6765857, "regions": {"p1": [[1759524119.5384777, 1759524121.6765857, 0, 0, 0, "gapregion"]]}}, "1;1;1": {"start_time": 1759524121.6774447, "stop_time": 1759524125.936645, "regions": {"p1": [[1759524121.6774447, 1759524125.936645, 0, 0, 0, "gapregion"]]}}, "1;2;1": {"start_time": 1759524125.9375315, "stop_time": 1759524134.4454296, "regions": {"p1": [[1759524125.9375315, 1759524134.4454296, 0, 0, 0, "gapregion"]]}}, "1;3;1": {"start_time": 1759524134.44639, "stop_time": 1759524151.530111,