{"config": {"pkg": "./t12", "execdate": "03-10-2025_15:45:00", "command": "pascalanalyzer ./t12 -g -i 1,3,9,27,81,243,729,2187 -c 1,2,4,8,16,32,64,128 -o t12.json", "hostname": "r2n01.npad.internal", "kernel": "Linux-4.18.0-477.10.1.el8_8.x86_64-x86_64-with-glibc2.14", "disable_hyperthread": false, "auto_instrumentation": false, "idle_time": 0, "data_descriptor": {"values": ["start_time", "stop_time"], "keys": ["cores", "input", "repetitions"]}, "disable_cores": false, "discard_ompnt": true, "arguments": ["81", "27", "2187", "9", "729", "1", "3", "243"]}, "data": {"128;0;1": {"start_time": 1759517100.9678159, "stop_time": 1759517100.9943542, "regions": {"p1": [[1759517100.9678159, 1759517100.9943542, 0, 0, 0, "gapregion"]]}}, "128;1;1": {"start_time": 1759517100.9950283, "stop_time": 1759517101.1391761, "regions": {"p1": [[1759517100.9950283, 1759517101.1391761, 0, 0, 0, "gapregion"]]}}, "128;2;1": {"start_time": 1759517101.1398184, "stop_time": 1759517101.2901697, "regions": {"p1": [[1759517101.1398184, 1759517101.2901697, 0, 0, 0, "gapregion"]]}}, "128;3;1": {"start_time": 1759517101.290807, "stop_time": 1759517101.4615738, "regions": {"p1": [[1759517101.290807, 1759517101.4615738, 0, 0, 0, "gapregion"]]}}, "128;4;1": {"start_time": 1759517101.4621313, "stop_time": 1759517101.7367418, "regions": {"p1": [[1759517101.4621313, 1759517101.7367418, 0, 0, 0, "gapregion"]]}}, "128;5;1": {"start_time": 1759517101.7373128, "stop_time": 1759517102.3220077, "regions": {"p1": [[1759517101.7373128, 1759517102.3220077, 0, 0, 0, "gapregion"]]}}, "128;6;1": {"start_time": 1759517102.3226411, "stop_time": 1759517103.8644812, "regions": {"p1": [[1759517102.3226411, 1759517103.8644812, 0, 0, 0, "gapregion"]]}}, "128;7;1": {"start_time": 1759517103.8651264, "stop_time": 1759517108.2067757, "regions": {"p1": [[1759517103.8651264, 1759517108.2067757, 0, 0, 0, "gapregion"]]}}, "64;0;1": {"start_time": 1759517108.2078252, "stop_time": 1759517108.243225, "regions": {"p1": [[1759517108.2078252, 1759517108.243225, 0, 0, 0, "gapregion"]]}}, "64;1;1": {"start_time": 1759517108.2439337, "stop_time": 1759517108.3540466, "regions": {"p1": [[1759517108.2439337, 1759517108.3540466, 0, 0, 0, "gapregion"]]}}, "64;2;1": {"start_time": 1759517108.3546536, "stop_time": 1759517108.5132513, "regions": {"p1": [[1759517108.3546536, 1759517108.5132513, 0, 0, 0, "gapregion"]]}}, "64;3;1": {"start_time": 1759517108.5138943, "stop_time": 1759517108.6813464, "regions": {"p1": [[1759517108.5138943, 1759517108.6813464, 0, 0, 0, "gapregion"]]}}, "64;4;1": {"start_time": 1759517108.6819563, "stop_time": 1759517109.0365856, "regions": {"p1": [[1759517108.6819563, 1759517109.0365856, 0, 0, 0, "gapregion"]]}}, "64;5;1": {"start_time": 1759517109.037197, "stop_time": 1759517109.807126, "regions": {"p1": [[1759517109.037197, 1759517109.807126, 0, 0, 0, "gapregion"]]}}, "64;6;1": {"start_time": 1759517109.8078563, "stop_time": 1759517111.8548682, "regions": {"p1": [[1759517109.8078563, 1759517111.8548682, 0, 0, 0, "gapregion"]]}}, "64;7;1": {"start_time": 1759517111.8560667, "stop_time": 1759517117.513439, "regions": {"p1": [[1759517111.8560667, 1759517117.513439, 0, 0, 0, "gapregion"]]}}, "32;0;1": {"start_time": 1759517117.5142498, "stop_time": 1759517117.5412018, "regions": {"p1": [[1759517117.5142498, 1759517117.5412018, 0, 0, 0, "gapregion"]]}}, "32;1;1": {"start_time": 1759517117.5418658, "stop_time": 1759517117.6444013, "regions": {"p1": [[1759517117.5418658, 1759517117.6444013, 0, 0, 0, "gapregion"]]}}, "32;2;1": {"start_time": 1759517117.644969, "stop_time": 1759517117.7630856, "regions": {"p1": [[1759517117.644969, 1759517117.7630856, 0, 0, 0, "gapregion"]]}}, "32;3;1": {"start_time": 1759517117.763681, "stop_time": 1759517117.957038, "regions": {"p1": [[1759517117.763681, 1759517117.957038, 0, 0, 0, "gapregion"]]}}, "32;4;1": {"start_time": 1759517117.957627, "stop_time": 1759517118.4079025, "regions": {"p1": [[1759517117.957627, 1759517118.4079025, 0, 0, 0, "gapregion"]]}}, "32;5;1": {"start_time": 1759517118.408501, "stop_time": 1759517119.6364424, "regions": {"p1": [[1759517118.408501, 1759517119.6364424, 0, 0, 0, "gapregion"]]}}, "32;6;1": {"start_time": 1759517119.637165, "stop_time": 1759517122.9428446, "regions": {"p1": [[1759517119.637165, 1759517122.9428446, 0, 0, 0, "gapregion"]]}}, "32;7;1": {"start_time": 1759517122.9436097, "stop_time": 1759517132.5622745, "regions": {"p1": [[1759517122.9436097, 1759517132.5622745, 0, 0, 0, "gapregion"]]}}, "16;0;1": {"start_time": 1759517132.5635014, "stop_time": 1759517132.5985217, "regions": {"p1": [[1759517132.5635014, 1759517132.5985217, 0, 0, 0, "gapregion"]]}}, "16;1;1": {"start_time": 1759517132.599286, "stop_time": 1759517132.6984632, "regions": {"p1": [[1759517132.599286, 1759517132.6984632, 0, 0, 0, "gapregion"]]}}, "16;2;1": {"start_time": 1759517132.6990874, "stop_time": 1759517132.8508732, "regions": {"p1": [[1759517132.6990874, 1759517132.8508732, 0, 0, 0, "gapregion"]]}}, "16;3;1": {"start_time": 1759517132.8515046, "stop_time": 1759517133.2167852, "regions": {"p1": [[1759517132.8515046, 1759517133.2167852, 0, 0, 0, "gapregion"]]}}, "16;4;1": {"start_time": 1759517133.217343, "stop_time": 1759517134.2153394, "regions": {"p1": [[1759517133.217343, 1759517134.2153394, 0, 0, 0, "gapregion"]]}}, "16;5;1": {"start_time": 1759517134.2160573, "stop_time": 1759517137.0407512, "regions": {"p1": [[1759517134.2160573, 1759517137.0407512, 0, 0, 0, "gapregion"]]}}, "16;6;1": {"start_time": 1759517137.0416057, "stop_time": 1759517144.2326794, "regions": {"p1": [[1759517137.0416057, 1759517144.2326794, 0, 0, 0, "gapregion"]]}}, "16;7;1": {"start_time": 1759517144.2336001, "stop_time": 1759517163.5091934, "regions": {"p1": [[1759517144.2336001, 1759517163.5091934, 0, 0, 0, "gapregion"]]}}, "8;0;1": {"start_time": 1759517163.5103722, "stop_time": 1759517163.530558, "regions": {"p1": [[1759517163.5103722, 1759517163.530558, 0, 0, 0, "gapregion"]]}}, "8;1;1": {"start_time": 1759517163.5312967, "stop_time": 1759517163.5811226, "regions": {"p1": [[1759517163.5312967, 1759517163.5811226, 0, 0, 0, "gapregion"]]}}, "8;2;1": {"start_time": 1759517163.581736, "stop_time": 1759517163.6937437, "regions": {"p1": [[1759517163.581736, 1759517163.6937437, 0, 0, 0, "gapregion"]]}}, "8;3;1": {"start_time": 1759517163.6943166, "stop_time": 1759517164.057964, "regions": {"p1": [[1759517163.6943166, 1759517164.057964, 0, 0, 0, "gapregion"]]}}, "8;4;1": {"start_time": 1759517164.05863, "stop_time": 1759517165.1543002, "regions": {"p1": [[1759517164.05863, 1759517165.1543002, 0, 0, 0, "gapregion"]]}}, "8;5;1": {"start_time": 1759517165.1550364, "stop_time": 1759517168.425303, "regions": {"p1": [[1759517165.1550364, 1759517168.425303, 0, 0, 0, "gapregion"]]}}, "8;6;1": {"start_time": 1759517168.426172, "stop_time": 1759517175.3703375, "regions": {"p1": [[1759517168.426172, 1759517175.3703375, 0, 0, 0, "gapregion"]]}}, "8;7;1": {"start_time": 1759517175.3713253, "stop_time": 1759517201.0054708, "regions": {"p1": [[1759517175.3713253, 1759517201.0054708, 0, 0, 0, "gapregion"]]}}, "4;0;1": {"start_time": 1759517201.0065227, "stop_time": 1759517201.0334432, "regions": {"p1": [[1759517201.0065227, 1759517201.0334432, 0, 0, 0, "gapregion"]]}}, "4;1;1": {"start_time": 1759517201.0341291, "stop_time": 1759517201.107343, "regions": {"p1": [[1759517201.0341291, 1759517201.107343, 0, 0, 0, "gapregion"]]}}, "4;2;1": {"start_time": 1759517201.1079428, "stop_time": 1759517201.3115883, "regions": {"p1": [[1759517201.1079428, 1759517201.3115883, 0, 0, 0, "gapregion"]]}}, "4;3;1": {"start_time": 1759517201.3122451, "stop_time": 1759517201.907973, "regions": {"p1": [[1759517201.3122451, 1759517201.907973, 0, 0, 0, "gapregion"]]}}, "4;4;1": {"start_time": 1759517201.908631, "stop_time": 1759517203.672884, "regions": {"p1": [[1759517201.908631, 1759517203.672884, 0, 0, 0, "gapregion"]]}}, "4;5;1": {"start_time": 1759517203.6736767, "stop_time": 1759517208.9785612,