{"config": {"pkg": "./t12", "execdate": "03-10-2025_13:27:46", "command": "pascalanalyzer ./t12 -i 100,200,300,400 -c 1,2,4,8 -o t12.json", "hostname": "r2n32.npad.internal", "kernel": "Linux-4.18.0-477.10.1.el8_8.x86_64-x86_64-with-glibc2.14", "disable_hyperthread": false, "auto_instrumentation": false, "idle_time": 0, "data_descriptor": {"values": ["start_time", "stop_time"], "keys": ["cores", "input", "repetitions"]}, "disable_cores": false, "discard_ompnt": true, "arguments": ["100", "400", "200", "300"]}, "data": {"8;0;1": {"start_time": 1759508867.0127249, "stop_time": 1759508868.121687}, "8;1;1": {"start_time": 1759508868.122461, "stop_time": 1759508870.7983618}, "8;2;1": {"start_time": 1759508870.7992406, "stop_time": 1759508874.794224}, "8;3;1": {"start_time": 1759508874.7954757, "stop_time": 1759508879.4420207}, "4;0;1": {"start_time": 1759508879.4428134, "stop_time": 1759508881.643983}, "4;1;1": {"start_time": 1759508881.6448076, "stop_time": 1759508886.0368433}, "4;2;1": {"start_time": 1759508886.0376353, "stop_time": 1759508892.1663408}, "4;3;1": {"start_time": 1759508892.1674802, "stop_time": 1759508900.2913647}, "2;0;1": {"start_time": 1759508900.2922647, "stop_time": 1759508902.7450454}, "2;1;1": {"start_time": 1759508902.7459137, "stop_time": 1759508907.5326846}, "2;2;1": {"start_time": 1759508907.5335567, "stop_time": 1759508914.6862025}, "2;3;1": {"start_time": 1759508914.6871002, "stop_time": 1759508924.2630858}, "1;0;1": {"start_time": 1759508924.2639313, "stop_time": 1759508926.5068772}, "1;1;1": {"start_time": 1759508926.5077507, "stop_time": 1759508930.9883196}, "1;2;1": {"start_time": 1759508930.9891794, "stop_time": 1759508937.729419}, "1;3;1": {"start_time": 1759508937.7302835, "stop_time": 1759508946.7087684}}}