{"config": {"pkg": "./t12", "execdate": "03-10-2025_13:47:47", "command": "pascalanalyzer ./t12 -g -r 5 -i 100,200,300,400 -c 1,2,4,8 -o t12.json", "hostname": "r2n32.npad.internal", "kernel": "Linux-4.18.0-477.10.1.el8_8.x86_64-x86_64-with-glibc2.14", "disable_hyperthread": false, "auto_instrumentation": false, "idle_time": 0, "data_descriptor": {"values": ["start_time", "stop_time"], "keys": ["cores", "input", "repetitions"]}, "disable_cores": false, "discard_ompnt": true, "arguments": ["400", "200", "100", "300"]}, "data": {"8;0;1": {"start_time": 1759510067.990609, "stop_time": 1759510069.349067, "regions": {"p1": [[1759510067.990609, 1759510069.349067, 0, 0, 0, "gapregion"]]}}, "8;0;2": {"start_time": 1759510069.3497643, "stop_time": 1759510070.7069006, "regions": {"p1": [[1759510069.3497643, 1759510070.7069006, 0, 0, 0, "gapregion"]]}}, "8;0;3": {"start_time": 1759510070.7075803, "stop_time": 1759510072.040632, "regions": {"p1": [[1759510070.7075803, 1759510072.040632, 0, 0, 0, "gapregion"]]}}, "8;0;4": {"start_time": 1759510072.041355, "stop_time": 1759510073.3910081, "regions": {"p1": [[1759510072.041355, 1759510073.3910081, 0, 0, 0, "gapregion"]]}}, "8;0;5": {"start_time": 1759510073.391667, "stop_time": 1759510074.755587, "regions": {"p1": [[1759510073.391667, 1759510074.755587, 0, 0, 0, "gapregion"]]}}, "8;1;1": {"start_time": 1759510074.756328, "stop_time": 1759510077.420577, "regions": {"p1": [[1759510074.756328, 1759510077.420577, 0, 0, 0, "gapregion"]]}}, "8;1;2": {"start_time": 1759510077.4212992, "stop_time": 1759510080.1200812, "regions": {"p1": [[1759510077.4212992, 1759510080.1200812, 0, 0, 0, "gapregion"]]}}, "8;1;3": {"start_time": 1759510080.1209102, "stop_time": 1759510082.7991476, "regions": {"p1": [[1759510080.1209102, 1759510082.7991476, 0, 0, 0, "gapregion"]]}}, "8;1;4": {"start_time": 1759510082.7998664, "stop_time": 1759510085.4787147, "regions": {"p1": [[1759510082.7998664, 1759510085.4787147, 0, 0, 0, "gapregion"]]}}, "8;1;5": {"start_time": 1759510085.4794595, "stop_time": 1759510088.1633818, "regions": {"p1": [[1759510085.4794595, 1759510088.1633818, 0, 0, 0, "gapregion"]]}}, "8;2;1": {"start_time": 1759510088.1642454, "stop_time": 1759510092.1072433, "regions": {"p1": [[1759510088.1642454, 1759510092.1072433, 0, 0, 0, "gapregion"]]}}, "8;2;2": {"start_time": 1759510092.1083045, "stop_time": 1759510096.1396604, "regions": {"p1": [[1759510092.1083045, 1759510096.1396604, 0, 0, 0, "gapregion"]]}}, "8;2;3": {"start_time": 1759510096.1404428, "stop_time": 1759510100.1516197, "regions": {"p1": [[1759510096.1404428, 1759510100.1516197, 0, 0, 0, "gapregion"]]}}, "8;2;4": {"start_time": 1759510100.1523805, "stop_time": 1759510104.1697016, "regions": {"p1": [[1759510100.1523805, 1759510104.1697016, 0, 0, 0, "gapregion"]]}}, "8;2;5": {"start_time": 1759510104.1705165, "stop_time": 1759510108.2245347, "regions": {"p1": [[1759510104.1705165, 1759510108.2245347, 0, 0, 0, "gapregion"]]}}, "8;3;1": {"start_time": 1759510108.2253861, "stop_time": 1759510113.5337098, "regions": {"p1": [[1759510108.2253861, 1759510113.5337098, 0, 0, 0, "gapregion"]]}}, "8;3;2": {"start_time": 1759510113.534475, "stop_time": 1759510118.9564757, "regions": {"p1": [[1759510113.534475, 1759510118.9564757, 0, 0, 0, "gapregion"]]}}, "8;3;3": {"start_time": 1759510118.9574738, "stop_time": 1759510123.082678, "regions": {"p1": [[1759510118.9574738, 1759510123.082678, 0, 0, 0, "gapregion"]]}}, "8;3;4": {"start_time": 1759510123.0836043, "stop_time": 1759510128.0386136, "regions": {"p1": [[1759510123.0836043, 1759510128.0386136, 0, 0, 0, "gapregion"]]}}, "8;3;5": {"start_time": 1759510128.039428, "stop_time": 1759510133.4104645, "regions": {"p1": [[1759510128.039428, 1759510133.4104645, 0, 0, 0, "gapregion"]]}}, "4;0;1": {"start_time": 1759510133.4113152, "stop_time": 1759510135.5994089, "regions": {"p1": [[1759510133.4113152, 1759510135.5994089, 0, 0, 0, "gapregion"]]}}, "4;0;2": {"start_time": 1759510135.6001997, "stop_time": 1759510137.7771819, "regions": {"p1": [[1759510135.6001997, 1759510137.7771819, 0, 0, 0, "gapregion"]]}}, "4;0;3": {"start_time": 1759510137.7779396, "stop_time": 1759510140.027938, "regions": {"p1": [[1759510137.7779396, 1759510140.027938, 0, 0, 0, "gapregion"]]}}, "4;0;4": {"start_time": 1759510140.0286624, "stop_time": 1759510142.2309287, "regions": {"p1": [[1759510140.0286624, 1759510142.2309287, 0, 0, 0, "gapregion"]]}}, "4;0;5": {"start_time": 1759510142.2316592, "stop_time": 1759510144.442127, "regions": {"p1": [[1759510142.2316592, 1759510144.442127, 0, 0, 0, "gapregion"]]}}, "4;1;1": {"start_time": 1759510144.4429522, "stop_time": 1759510148.8191185, "regions": {"p1": [[1759510144.4429522, 1759510148.8191185, 0, 0, 0, "gapregion"]]}}, "4;1;2": {"start_time": 1759510148.8198955, "stop_time": 1759510153.2113326, "regions": {"p1": [[1759510148.8198955, 1759510153.2113326, 0, 0, 0, "gapregion"]]}}, "4;1;3": {"start_time": 1759510153.2121158, "stop_time": 1759510157.59368, "regions": {"p1": [[1759510153.2121158, 1759510157.59368, 0, 0, 0, "gapregion"]]}}, "4;1;4": {"start_time": 1759510157.5944383, "stop_time": 1759510161.951256, "regions": {"p1": [[1759510157.5944383, 1759510161.951256, 0, 0, 0, "gapregion"]]}}, "4;1;5": {"start_time": 1759510161.9520338, "stop_time": 1759510166.3625631, "regions": {"p1": [[1759510161.9520338, 1759510166.3625631, 0, 0, 0, "gapregion"]]}}, "4;2;1": {"start_time": 1759510166.3634086, "stop_time": 1759510173.0694497, "regions": {"p1": [[1759510166.3634086, 1759510173.0694497, 0, 0, 0, "gapregion"]]}}, "4;2;2": {"start_time": 1759510173.0704942, "stop_time": 1759510179.2198596, "regions": {"p1": [[1759510173.0704942, 1759510179.2198596, 0, 0, 0, "gapregion"]]}}, "4;2;3": {"start_time": 1759510179.2206767, "stop_time": 1759510185.3546882, "regions": {"p1": [[1759510179.2206767, 1759510185.3546882, 0, 0, 0, "gapregion"]]}}, "4;2;4": {"start_time": 1759510185.3554914, "stop_time": 1759510191.0633829, "regions": {"p1": [[1759510185.3554914, 1759510191.0633829, 0, 0, 0, "gapregion"]]}}, "4;2;5": {"start_time": 1759510191.064393, "stop_time": 1759510197.8059103, "regions": {"p1": [[1759510191.064393, 1759510197.8059103, 0, 0, 0, "gapregion"]]}}, "4;3;1": {"start_time": 1759510197.806754, "stop_time": 1759510205.908896, "regions": {"p1": [[1759510197.806754, 1759510205.908896, 0, 0, 0, "gapregion"]]}}, "4;3;2": {"start_time": 1759510205.9096735, "stop_time": 1759510214.8222258, "regions": {"p1": [[1759510205.9096735, 1759510214.8222258, 0, 0, 0, "gapregion"]]}}, "4;3;3": {"start_time": 1759510214.8230035, "stop_time": 1759510223.2984226, "regions": {"p1": [[1759510214.8230035, 1759510223.2984226, 0, 0, 0, "gapregion"]]}}, "4;3;4": {"start_time": 1759510223.2992404, "stop_time": 1759510230.9080484, "regions": {"p1": [[1759510223.2992404, 1759510230.9080484, 0, 0, 0, "gapregion"]]}}, "4;3;5": {"start_time": 1759510230.908851, "stop_time": 1759510238.9997807, "regions": {"p1": [[1759510230.908851, 1759510238.9997807, 0, 0, 0, "gapregion"]]}}, "2;0;1": {"start_time": 1759510239.0006728, "stop_time": 1759510241.4476912, "regions": {"p1": [[1759510239.0006728, 1759510241.4476912, 0, 0, 0, "gapregion"]]}}, "2;0;2": {"start_time": 1759510241.4484856, "stop_time": 1759510243.838668, "regions": {"p1": [[1759510241.4484856, 1759510243.838668, 0, 0, 0, "gapregion"]]}}, "2;0;3": {"start_time": 1759510243.8394203, "stop_time": 1759510246.2408772, "regions": {"p1": [[1759510243.8394203, 1759510246.2408772, 0, 0, 0, "gapregion"]]}}, "2;0;4": {"start_time": 1759510246.2416484, "stop_time": 1759510248.6388798, "regions": {"p1": [[1759510246.2416484, 1759510248.6388798, 0, 0, 0, "gapregion"]]}}, "2;0;5": {"start_time": 1759510248.6396263, "stop_time": 1759510251.036031, "regions": {"p1": [[1759510248.6396263, 1759510251.036031, 0, 0, 0, "gapregion"]]}}, "2;1;1": {"start_time": 1759510251.036866, "stop_time": 1759510255.8166327, "regions": {"p1": [[1759510251.036866, 1759510255.8166327, 0, 0, 0, "gapregion"]]}},